{"cameraMode":{"drawMode":0,"name":"Shaded","section":"Shading Mode"},"sceneLighting":false,"audioPlay":false,"sceneViewState":{"m_AlwaysRefresh":false,"showFog":true,"showSkybox":true,"showFlares":true,"showImageEffects":true,"showParticleSystems":true,"showVisualEffectGraphs":true,"m_FxEnabled":true},"in2DMode":false,"pivot":{"x":1.9977827072143555,"y":-1.100000023841858,"z":19.299999237060548},"rotation":{"x":0.20734599232673646,"y":0.13418282568454743,"z":-0.028742371127009393,"w":0.9685266613960266},"size":10.222390174865723,"orthographic":false}