{"cameraMode":{"drawMode":0,"name":"Shaded","section":"Shading Mode"},"sceneLighting":false,"audioPlay":false,"sceneViewState":{"m_AlwaysRefresh":false,"showFog":true,"showSkybox":true,"showFlares":true,"showImageEffects":true,"showParticleSystems":true,"showVisualEffectGraphs":true,"m_FxEnabled":true},"in2DMode":false,"pivot":{"x":-4.510000228881836,"y":0.6800000071525574,"z":2.8499999046325685},"rotation":{"x":-0.3015020787715912,"y":-0.015162448398768902,"z":0.004795478191226721,"w":-0.9533290863037109},"size":4.463410377502441,"orthographic":false}